69,Julian Harrison,Julian,Harrison,Julian Harrison,Global Executive Director - UK & US,Atlanta, Georgia, United States,xpertise-recruitment.com,https://www.linkedin.com/in/julianharrison/
70,Gege GATT,Gege,GATT,Gege GATT,Chief Executive Officer,Malta, Malta,ebo.ai,https://www.linkedin.com/in/gegegatt/
71,Olivier Guillouzouic,Olivier,Guillouzouic,Olivier Guillouzouic,Associate Founder,Paris, Île-de-France, France,fourseeds.io,https://www.linkedin.com/in/olivier-guillouzouic-6957643/
72,Andrew Phillips,Andrew,Phillips,Andrew Phillips,Founder,دبي الإمارات العربية المتحدة,axiomrecruit.com,https://www.linkedin.com/in/andrew-axiom-recruit/
73,Alexander Asnong,Alexander,Asnong,Alexander Asnong,Founder & Director,Brussels Metropolitan Area,wearesander.com,https://www.linkedin.com/in/alexasnong/
74,Prem Naraindas,Prem,Naraindas,Prem Naraindas,Founder & CEO,دبي الإمارات العربية المتحدة,katonic.ai,https://www.linkedin.com/in/premnaraindas/
75,Aynur FARAJOVA, Ph.D,Aynur,FARAJOVA, Ph.D,Aynur FARAJOVA, Ph.D,Founder,Baku, Baku Ekonomic Zone, Azerbaijan,neuropuls.agency,https://www.linkedin.com/in/atabeyli/
76,Richard Wilkins,Richard,Wilkins,Richard Wilkins,Principal Consultant | Co-Founder | Salesforce Consulting | Platinum Partner (Summit),Greater London, England, United Kingdom,r3.digital,https://www.linkedin.com/in/rwilkinsuk/
77,Heidi Messer,Heidi,Messer,Heidi Messer,Chairperson, co-Founder, and Collective[i] Forecast Host,Palo Alto, California, United States,collectivei.com,https://www.linkedin.com/in/heidi-messer-12b0400/
78,Dr. techn. Andreas S. Rath,Dr. techn. Andreas S.,Rath,Dr. techn. Andreas S. Rath,CEO & Co-Founder,Wien, Wien, Österreich,ondewo.com,https://www.linkedin.com/in/asrath/
79,Anith Chandran.,Anith,Chandran.,Anith Chandran.,Group Chief Executive Officer,Abu Dhabi Emirate, United Arab Emirates,taeknizon.com,https://www.linkedin.com/in/anithanchandran/
80,Henry Mascot,Henry,Mascot,Henry Mascot,Founder & CEO,United States,curacel.ai,https://www.linkedin.com/in/henrymascot/
81,Vishal Singhhal,Vishal,Singhhal,Vishal Singhhal,Co-Founder & CBO,Santa Clara, California, United States,cellstrat.com,https://www.linkedin.com/in/vishalsinghhal/
82,Stuart English,Stuart,English,Stuart English,Managing Director & Founder - FinTech Recruitment & Executive Search,London Area, United Kingdom,fintechrecruitment.io,https://www.linkedin.com/in/stuart-english-3156381/
83,Igor Dukovny,Igor,Dukovny,Igor Dukovny,Founder/Architect,West Jerusalem, Jerusalem District, Israel,builttounite.com,https://www.linkedin.com/in/igor-dukovny-7b5045100/
84,Ash Samhouri,Ash,Samhouri,Ash Samhouri,Co-founder and CEO,San Francisco, California, United States,activepieces.com,https://www.linkedin.com/in/ashrafsam/
85,David Turewicz,David,Turewicz,David Turewicz,Co-Founder,United States, United States,,https://www.linkedin.com/in/davidturewicz/
86,Jhillika Kumar,Jhillika,Kumar,Jhillika Kumar,CEO & Founder, Mentra,San Francisco, California, United States,mentra.com,https://www.linkedin.com/in/jhillika/
87,Falco Schmutz,Falco,Schmutz,Falco Schmutz,CEO,Paris, Île-de-France, France,premaccess.com,https://www.linkedin.com/in/falco-schmutz-5b71935/
88,Robin Jose,Robin,Jose,Robin Jose,Founder & CEO,Berlin Metropolitan Area,aigist24.com,https://www.linkedin.com/in/robin-jose-a564354/
89,Tamer S.,Tamer,S.,Tamer S.,Managing Director /Founder,Cairo, Egypt,gsd-me.com,https://www.linkedin.com/in/tamer-sabry-623b83b/
90,Fayoz Azami,Fayoz,Azami,Fayoz Azami,CEO & Co-Founder | Chief AI Officer,London, England, United Kingdom,trigma.ai,https://www.linkedin.com/in/fayoz-azami27/
91,Aayush Kumar,Aayush,Kumar,Aayush Kumar,Founder & CEO,San Francisco Bay Area, United States,opslyft.com,https://www.linkedin.com/in/aayushkumarjarvis/
92,Nick Bowers,Nick,Bowers,Nick Bowers,Founder & Managing Director,United Kingdom,collectiveip.co.uk,https://www.linkedin.com/in/nibowers/
93,Sunny Ahlawat (Jack of all Trade,Sunny,Ahlawat (Jack of all Trades),Sunny Ahlawat (Jack of all Trades),Founder,Sunnyvale, California, United States,vaanee.co,https://www.linkedin.com/in/sunny-ahlawat/
94,Julie Hubert, MBA, CRHA,Julie,Hubert, MBA, CRHA,Julie Hubert, MBA, CRHA,CEO,Montreal, Quebec, Canada,workland.com,https://www.linkedin.com/in/juliehubertworkland/
95,Han de Groot,Han,de Groot,Han de Groot,Founder & CEO,Amsterdam, Noord-Holland, Nederland,fromvolt.com,https://www.linkedin.com/in/han-de-groot-4b9421/
96,Severence MacLaughlin, Ph.D,Severence,MacLaughlin, Ph.D,Severence MacLaughlin, Ph.D,CEO & Founder,New York City Metropolitan Area,deloreanai.com,https://www.linkedin.com/in/severence-maclaughlin-ph-d-a759475/
97,Nirav Nimish Shah,Nirav Nimish,Shah,Nirav Nimish Shah,Co-Founder,New York, New York, United States,quantaltech.ai,https://www.linkedin.com/in/theniravshah/
98,Eric Klein,Eric,Klein,Eric Klein,Co-Founder and COO,Israel, Israel,cloudonix.com,https://www.linkedin.com/in/ericlklein/
99,Kyle Parker,Kyle,Parker,Kyle Parker,Non Executive Director,Moka, Maurice,virtualroutez.com,https://www.linkedin.com/in/kyleparkersa-traceability-and-authentication/
100,Brendan O.,Brendan,O.,Brendan O.,Founder,United States, United States,viewsrecruiting.com,https://www.linkedin.com/in/brendanrobrien/
